--------------------------------------------------------
--  File created - Sunday-December-17-2017   
--------------------------------------------------------
--------------------------------------------------------
--  DDL for Table IDVN_CORE_ACTION
--------------------------------------------------------

  CREATE TABLE "IDVN_CORE_ACTION" 
   (	"ACTION_ID" NUMBER(10,0), 
	"CONTROLLER_NAME" VARCHAR2(100 BYTE) DEFAULT NULL, 
	"ACTION_NAME" VARCHAR2(100 BYTE) DEFAULT NULL, 
	"TYPE" VARCHAR2(255 BYTE)
   ) SEGMENT CREATION IMMEDIATE 
  PCTFREE 10 PCTUSED 40 INITRANS 1 MAXTRANS 255 
 NOCOMPRESS LOGGING
  STORAGE(INITIAL 65536 NEXT 1048576 MINEXTENTS 1 MAXEXTENTS 2147483645
  PCTINCREASE 0 FREELISTS 1 FREELIST GROUPS 1
  BUFFER_POOL DEFAULT FLASH_CACHE DEFAULT CELL_FLASH_CACHE DEFAULT)
  TABLESPACE "USERS" ;
--------------------------------------------------------
--  DDL for Table IDVN_CORE_GROUP_PERMISSIONS
--------------------------------------------------------

  CREATE TABLE "IDVN_CORE_GROUP_PERMISSIONS" 
   (	"PID" NUMBER(10,0), 
	"PERMISSION_NAME" VARCHAR2(100 BYTE), 
	"PERMISSION_TYPE" NUMBER(10,0) DEFAULT NULL, 
	"CONTROLLER_NAME" VARCHAR2(255 BYTE) DEFAULT NULL, 
	"GROUP_ID" NUMBER(10,0)
   ) SEGMENT CREATION IMMEDIATE 
  PCTFREE 10 PCTUSED 40 INITRANS 1 MAXTRANS 255 
 NOCOMPRESS LOGGING
  STORAGE(INITIAL 65536 NEXT 1048576 MINEXTENTS 1 MAXEXTENTS 2147483645
  PCTINCREASE 0 FREELISTS 1 FREELIST GROUPS 1
  BUFFER_POOL DEFAULT FLASH_CACHE DEFAULT CELL_FLASH_CACHE DEFAULT)
  TABLESPACE "USERS" ;
--------------------------------------------------------
--  DDL for Table IDVN_CORE_USER
--------------------------------------------------------

  CREATE TABLE "IDVN_CORE_USER" 
   (	"USER_ID" NUMBER(10,0), 
	"GROUP_ID" NUMBER(10,0), 
	"FULL_NAME" VARCHAR2(100 BYTE), 
	"USER_NAME" VARCHAR2(100 BYTE), 
	"PASSWORD" VARCHAR2(50 BYTE), 
	"EMAIL" VARCHAR2(255 BYTE) DEFAULT NULL, 
	"IS_ACTIVE" NUMBER(3,0) DEFAULT '0', 
	"CREATED_DATE" TIMESTAMP (0) DEFAULT NULL, 
	"LOGGED_IN_DATE" TIMESTAMP (0) DEFAULT NULL, 
	"IS_ONLINE" NUMBER(3,0) DEFAULT '0', 
	"CREATED_USER_ID" NUMBER(10,0) DEFAULT NULL, 
	"TYPE" VARCHAR2(255 BYTE) DEFAULT NULL
   ) SEGMENT CREATION IMMEDIATE 
  PCTFREE 10 PCTUSED 40 INITRANS 1 MAXTRANS 255 
 NOCOMPRESS LOGGING
  STORAGE(INITIAL 65536 NEXT 1048576 MINEXTENTS 1 MAXEXTENTS 2147483645
  PCTINCREASE 0 FREELISTS 1 FREELIST GROUPS 1
  BUFFER_POOL DEFAULT FLASH_CACHE DEFAULT CELL_FLASH_CACHE DEFAULT)
  TABLESPACE "USERS" ;
--------------------------------------------------------
--  DDL for Table IDVN_CORE_USER_PERMISSIONS
--------------------------------------------------------

  CREATE TABLE "IDVN_CORE_USER_PERMISSIONS" 
   (	"PID" NUMBER(10,0), 
	"PERMISSION_NAME" VARCHAR2(100 BYTE), 
	"PERMISSION_TYPE" NUMBER(10,0) DEFAULT NULL, 
	"CONTROLLER_NAME" VARCHAR2(255 BYTE) DEFAULT NULL, 
	"USERID" NUMBER(10,0)
   ) SEGMENT CREATION IMMEDIATE 
  PCTFREE 10 PCTUSED 40 INITRANS 1 MAXTRANS 255 
 NOCOMPRESS LOGGING
  STORAGE(INITIAL 65536 NEXT 1048576 MINEXTENTS 1 MAXEXTENTS 2147483645
  PCTINCREASE 0 FREELISTS 1 FREELIST GROUPS 1
  BUFFER_POOL DEFAULT FLASH_CACHE DEFAULT CELL_FLASH_CACHE DEFAULT)
  TABLESPACE "USERS" ;
--------------------------------------------------------
--  DDL for Table IDVN_CORE_USERGROUPS
--------------------------------------------------------

  CREATE TABLE "IDVN_CORE_USERGROUPS" 
   (	"GROUP_ID" NUMBER(10,0), 
	"GROUP_NAME" VARCHAR2(100 BYTE), 
	"IS_ACTIVE" NUMBER(10,0) DEFAULT '0'
   ) SEGMENT CREATION IMMEDIATE 
  PCTFREE 10 PCTUSED 40 INITRANS 1 MAXTRANS 255 
 NOCOMPRESS LOGGING
  STORAGE(INITIAL 65536 NEXT 1048576 MINEXTENTS 1 MAXEXTENTS 2147483645
  PCTINCREASE 0 FREELISTS 1 FREELIST GROUPS 1
  BUFFER_POOL DEFAULT FLASH_CACHE DEFAULT CELL_FLASH_CACHE DEFAULT)
  TABLESPACE "USERS" ;
--------------------------------------------------------
--  DDL for Table IDVN_IMPACT_LOGS
--------------------------------------------------------

  CREATE TABLE "IDVN_IMPACT_LOGS" 
   (	"LOG_ID" NUMBER(10,0), 
	"USER_ID" NUMBER(10,0) DEFAULT NULL, 
	"USERNAME" VARCHAR2(200 BYTE) DEFAULT NULL, 
	"LOCATION" VARCHAR2(200 BYTE) DEFAULT NULL, 
	"CREATE_DATE" TIMESTAMP (0) DEFAULT NULL, 
	"DESCRIPTIONS" VARCHAR2(1000 BYTE) DEFAULT NULL, 
	"IP" VARCHAR2(255 BYTE) DEFAULT NULL
   ) SEGMENT CREATION IMMEDIATE 
  PCTFREE 10 PCTUSED 40 INITRANS 1 MAXTRANS 255 
 NOCOMPRESS LOGGING
  STORAGE(INITIAL 65536 NEXT 1048576 MINEXTENTS 1 MAXEXTENTS 2147483645
  PCTINCREASE 0 FREELISTS 1 FREELIST GROUPS 1
  BUFFER_POOL DEFAULT FLASH_CACHE DEFAULT CELL_FLASH_CACHE DEFAULT)
  TABLESPACE "USERS" ;
REM INSERTING into IDVN_CORE_ACTION
SET DEFINE OFF;
Insert into IDVN_CORE_ACTION (ACTION_ID,CONTROLLER_NAME,ACTION_NAME,TYPE) values (266,'Report_Controller','tongquan','TOOL');
Insert into IDVN_CORE_ACTION (ACTION_ID,CONTROLLER_NAME,ACTION_NAME,TYPE) values (246,'Complain_Controller','danh_sach_blacklist','TOOL');
Insert into IDVN_CORE_ACTION (ACTION_ID,CONTROLLER_NAME,ACTION_NAME,TYPE) values (247,'Complain_Controller','bu_the_do_khieu_nai','TOOL');
Insert into IDVN_CORE_ACTION (ACTION_ID,CONTROLLER_NAME,ACTION_NAME,TYPE) values (248,'Complain_Controller','xoa_no_do_khieu_nai','TOOL');
Insert into IDVN_CORE_ACTION (ACTION_ID,CONTROLLER_NAME,ACTION_NAME,TYPE) values (250,'Complain_Controller','dua_thue_bao_vao_blacklist','TOOL');
Insert into IDVN_CORE_ACTION (ACTION_ID,CONTROLLER_NAME,ACTION_NAME,TYPE) values (251,'Complain_Controller','delete','TOOL');
Insert into IDVN_CORE_ACTION (ACTION_ID,CONTROLLER_NAME,ACTION_NAME,TYPE) values (32,'Group_Controller','list','TOOL');
Insert into IDVN_CORE_ACTION (ACTION_ID,CONTROLLER_NAME,ACTION_NAME,TYPE) values (35,'Group_Controller','delete','TOOL');
Insert into IDVN_CORE_ACTION (ACTION_ID,CONTROLLER_NAME,ACTION_NAME,TYPE) values (44,'Permission_Controller','index','TOOL');
Insert into IDVN_CORE_ACTION (ACTION_ID,CONTROLLER_NAME,ACTION_NAME,TYPE) values (45,'Permission_Controller','action','TOOL');
Insert into IDVN_CORE_ACTION (ACTION_ID,CONTROLLER_NAME,ACTION_NAME,TYPE) values (55,'User_Controller','list','TOOL');
Insert into IDVN_CORE_ACTION (ACTION_ID,CONTROLLER_NAME,ACTION_NAME,TYPE) values (59,'User_Controller','activate','TOOL');
Insert into IDVN_CORE_ACTION (ACTION_ID,CONTROLLER_NAME,ACTION_NAME,TYPE) values (60,'User_Controller','check','TOOL');
Insert into IDVN_CORE_ACTION (ACTION_ID,CONTROLLER_NAME,ACTION_NAME,TYPE) values (95,'Permission_Controller','delete_action','TOOL');
Insert into IDVN_CORE_ACTION (ACTION_ID,CONTROLLER_NAME,ACTION_NAME,TYPE) values (97,'Group_Controller','add','TOOL');
Insert into IDVN_CORE_ACTION (ACTION_ID,CONTROLLER_NAME,ACTION_NAME,TYPE) values (98,'Group_Controller','edit','TOOL');
Insert into IDVN_CORE_ACTION (ACTION_ID,CONTROLLER_NAME,ACTION_NAME,TYPE) values (100,'Group_Controller','activate','TOOL');
Insert into IDVN_CORE_ACTION (ACTION_ID,CONTROLLER_NAME,ACTION_NAME,TYPE) values (105,'User_Controller','add','TOOL');
Insert into IDVN_CORE_ACTION (ACTION_ID,CONTROLLER_NAME,ACTION_NAME,TYPE) values (106,'User_Controller','edit','TOOL');
Insert into IDVN_CORE_ACTION (ACTION_ID,CONTROLLER_NAME,ACTION_NAME,TYPE) values (107,'User_Controller','delete','TOOL');
Insert into IDVN_CORE_ACTION (ACTION_ID,CONTROLLER_NAME,ACTION_NAME,TYPE) values (110,'User_Controller','suggest','TOOL');
Insert into IDVN_CORE_ACTION (ACTION_ID,CONTROLLER_NAME,ACTION_NAME,TYPE) values (130,'System_Controller','config','TOOL');
Insert into IDVN_CORE_ACTION (ACTION_ID,CONTROLLER_NAME,ACTION_NAME,TYPE) values (158,'Systemparam_Controller','list','TOOL');
Insert into IDVN_CORE_ACTION (ACTION_ID,CONTROLLER_NAME,ACTION_NAME,TYPE) values (159,'Systemparam_Controller','add','TOOL');
Insert into IDVN_CORE_ACTION (ACTION_ID,CONTROLLER_NAME,ACTION_NAME,TYPE) values (160,'Systemparam_Controller','edit','TOOL');
Insert into IDVN_CORE_ACTION (ACTION_ID,CONTROLLER_NAME,ACTION_NAME,TYPE) values (161,'Systemparam_Controller','delete','TOOL');
Insert into IDVN_CORE_ACTION (ACTION_ID,CONTROLLER_NAME,ACTION_NAME,TYPE) values (226,'Defineagelevel_Controller','list','TOOL');
Insert into IDVN_CORE_ACTION (ACTION_ID,CONTROLLER_NAME,ACTION_NAME,TYPE) values (227,'Defineagelevel_Controller','edit','TOOL');
Insert into IDVN_CORE_ACTION (ACTION_ID,CONTROLLER_NAME,ACTION_NAME,TYPE) values (228,'Definerules_Controller','list','TOOL');
Insert into IDVN_CORE_ACTION (ACTION_ID,CONTROLLER_NAME,ACTION_NAME,TYPE) values (229,'Definerules_Controller','edit','TOOL');
Insert into IDVN_CORE_ACTION (ACTION_ID,CONTROLLER_NAME,ACTION_NAME,TYPE) values (230,'Defineusagelevel_Controller','list','TOOL');
Insert into IDVN_CORE_ACTION (ACTION_ID,CONTROLLER_NAME,ACTION_NAME,TYPE) values (231,'Defineusagelevel_Controller','edit','TOOL');
Insert into IDVN_CORE_ACTION (ACTION_ID,CONTROLLER_NAME,ACTION_NAME,TYPE) values (170,'Blacklistreason_Controller','list','TOOL');
Insert into IDVN_CORE_ACTION (ACTION_ID,CONTROLLER_NAME,ACTION_NAME,TYPE) values (172,'Blacklistreason_Controller','edit','TOOL');
Insert into IDVN_CORE_ACTION (ACTION_ID,CONTROLLER_NAME,ACTION_NAME,TYPE) values (171,'Blacklistreason_Controller','add','TOOL');
Insert into IDVN_CORE_ACTION (ACTION_ID,CONTROLLER_NAME,ACTION_NAME,TYPE) values (150,'Message_Controller','list','TOOL');
Insert into IDVN_CORE_ACTION (ACTION_ID,CONTROLLER_NAME,ACTION_NAME,TYPE) values (151,'Message_Controller','add','TOOL');
Insert into IDVN_CORE_ACTION (ACTION_ID,CONTROLLER_NAME,ACTION_NAME,TYPE) values (152,'Message_Controller','edit','TOOL');
Insert into IDVN_CORE_ACTION (ACTION_ID,CONTROLLER_NAME,ACTION_NAME,TYPE) values (173,'Blacklistreason_Controller','delete','TOOL');
Insert into IDVN_CORE_ACTION (ACTION_ID,CONTROLLER_NAME,ACTION_NAME,TYPE) values (154,'Errorcode_Controller','list','TOOL');
Insert into IDVN_CORE_ACTION (ACTION_ID,CONTROLLER_NAME,ACTION_NAME,TYPE) values (155,'Errorcode_Controller','add','TOOL');
Insert into IDVN_CORE_ACTION (ACTION_ID,CONTROLLER_NAME,ACTION_NAME,TYPE) values (156,'Errorcode_Controller','edit','TOOL');
Insert into IDVN_CORE_ACTION (ACTION_ID,CONTROLLER_NAME,ACTION_NAME,TYPE) values (157,'Errorcode_Controller','delete','TOOL');
Insert into IDVN_CORE_ACTION (ACTION_ID,CONTROLLER_NAME,ACTION_NAME,TYPE) values (187,'Search_Controller','muc_the_ung','TOOL');
Insert into IDVN_CORE_ACTION (ACTION_ID,CONTROLLER_NAME,ACTION_NAME,TYPE) values (188,'Search_Controller','giao_dich_ung_the','TOOL');
Insert into IDVN_CORE_ACTION (ACTION_ID,CONTROLLER_NAME,ACTION_NAME,TYPE) values (189,'Search_Controller','giao_dich_hoan_ung','TOOL');
Insert into IDVN_CORE_ACTION (ACTION_ID,CONTROLLER_NAME,ACTION_NAME,TYPE) values (190,'Search_Controller','tra_cuu_no','TOOL');
Insert into IDVN_CORE_ACTION (ACTION_ID,CONTROLLER_NAME,ACTION_NAME,TYPE) values (191,'Search_Controller','danh_sach_blacklist','TOOL');
Insert into IDVN_CORE_ACTION (ACTION_ID,CONTROLLER_NAME,ACTION_NAME,TYPE) values (192,'Search_Controller','thong_tin_thue_bao','TOOL');
Insert into IDVN_CORE_ACTION (ACTION_ID,CONTROLLER_NAME,ACTION_NAME,TYPE) values (193,'Search_Controller','trang_thai_the_cao','TOOL');
Insert into IDVN_CORE_ACTION (ACTION_ID,CONTROLLER_NAME,ACTION_NAME,TYPE) values (194,'Search_Controller','sms_log','TOOL');
Insert into IDVN_CORE_ACTION (ACTION_ID,CONTROLLER_NAME,ACTION_NAME,TYPE) values (232,'Impactlogs_Controller','list','TOOL');
Insert into IDVN_CORE_ACTION (ACTION_ID,CONTROLLER_NAME,ACTION_NAME,TYPE) values (195,'Lookup_Controller','tracuuBlacklist','TOOL');
Insert into IDVN_CORE_ACTION (ACTION_ID,CONTROLLER_NAME,ACTION_NAME,TYPE) values (153,'Message_Controller','delete','TOOL');
Insert into IDVN_CORE_ACTION (ACTION_ID,CONTROLLER_NAME,ACTION_NAME,TYPE) values (207,'Quanlybpm_Controller','cau_hinh_process_bpm','TOOL');
Insert into IDVN_CORE_ACTION (ACTION_ID,CONTROLLER_NAME,ACTION_NAME,TYPE) values (206,'Quanlybpm_Controller','lich_chay_process','TOOL');
Insert into IDVN_CORE_ACTION (ACTION_ID,CONTROLLER_NAME,ACTION_NAME,TYPE) values (208,'Quanlybpm_Controller','tra_cuu_process_execution','TOOL');
REM INSERTING into IDVN_CORE_GROUP_PERMISSIONS
SET DEFINE OFF;
Insert into IDVN_CORE_GROUP_PERMISSIONS (PID,PERMISSION_NAME,PERMISSION_TYPE,CONTROLLER_NAME,GROUP_ID) values (1,'list',1,'group',2);
Insert into IDVN_CORE_GROUP_PERMISSIONS (PID,PERMISSION_NAME,PERMISSION_TYPE,CONTROLLER_NAME,GROUP_ID) values (2,'delete',1,'group',2);
Insert into IDVN_CORE_GROUP_PERMISSIONS (PID,PERMISSION_NAME,PERMISSION_TYPE,CONTROLLER_NAME,GROUP_ID) values (3,'add',1,'group',2);
Insert into IDVN_CORE_GROUP_PERMISSIONS (PID,PERMISSION_NAME,PERMISSION_TYPE,CONTROLLER_NAME,GROUP_ID) values (4,'edit',1,'group',2);
Insert into IDVN_CORE_GROUP_PERMISSIONS (PID,PERMISSION_NAME,PERMISSION_TYPE,CONTROLLER_NAME,GROUP_ID) values (5,'activate',1,'group',2);
REM INSERTING into IDVN_CORE_USER
SET DEFINE OFF;
Insert into IDVN_CORE_USER (USER_ID,GROUP_ID,FULL_NAME,USER_NAME,PASSWORD,EMAIL,IS_ACTIVE,CREATED_DATE,LOGGED_IN_DATE,IS_ONLINE,CREATED_USER_ID,TYPE) values (114,1,'Quan Tri','root','dbe5e4e9b6d147ba19a6dd18990fad5c','root@ungthe.mobifone.vn',1,to_timestamp('17-DEC-17 10.51.45.000000000 AM','DD-MON-RR HH.MI.SSXFF AM'),to_timestamp('17-DEC-17 10.51.45.000000000 AM','DD-MON-RR HH.MI.SSXFF AM'),0,1,'TOOL');
Insert into IDVN_CORE_USER (USER_ID,GROUP_ID,FULL_NAME,USER_NAME,PASSWORD,EMAIL,IS_ACTIVE,CREATED_DATE,LOGGED_IN_DATE,IS_ONLINE,CREATED_USER_ID,TYPE) values (134,2,'Cham Soc Khach Hang Test','cskhtest','8b79f88b2e5a34d6adef4a171c34ac27','cskhtest@gmail.com',1,to_timestamp('17-DEC-17 10.57.38.000000000 AM','DD-MON-RR HH.MI.SSXFF AM'),to_timestamp('17-DEC-17 10.57.38.000000000 AM','DD-MON-RR HH.MI.SSXFF AM'),0,114,'TOOL');
Insert into IDVN_CORE_USER (USER_ID,GROUP_ID,FULL_NAME,USER_NAME,PASSWORD,EMAIL,IS_ACTIVE,CREATED_DATE,LOGGED_IN_DATE,IS_ONLINE,CREATED_USER_ID,TYPE) values (1,1,'Duong Van Bien','admin','efe8103e655b12d99f8ad9e8923a7983','bien.duongvan@yahoo.com',1,to_timestamp('02-NOV-17 04.49.51.000000000 PM','DD-MON-RR HH.MI.SSXFF AM'),to_timestamp('02-NOV-17 04.49.55.000000000 PM','DD-MON-RR HH.MI.SSXFF AM'),1,1,'TOOL');
Insert into IDVN_CORE_USER (USER_ID,GROUP_ID,FULL_NAME,USER_NAME,PASSWORD,EMAIL,IS_ACTIVE,CREATED_DATE,LOGGED_IN_DATE,IS_ONLINE,CREATED_USER_ID,TYPE) values (35,2,'Demo','demo','e10adc3949ba59abbe56e057f20f883e','demo@gmail.com',1,to_timestamp('02-NOV-17 04.51.57.000000000 PM','DD-MON-RR HH.MI.SSXFF AM'),to_timestamp('02-NOV-17 04.52.01.000000000 PM','DD-MON-RR HH.MI.SSXFF AM'),1,1,'TOOL');
REM INSERTING into IDVN_CORE_USER_PERMISSIONS
SET DEFINE OFF;
Insert into IDVN_CORE_USER_PERMISSIONS (PID,PERMISSION_NAME,PERMISSION_TYPE,CONTROLLER_NAME,USERID) values (null,'muc_the_ung',1,'search',134);
Insert into IDVN_CORE_USER_PERMISSIONS (PID,PERMISSION_NAME,PERMISSION_TYPE,CONTROLLER_NAME,USERID) values (null,'giao_dich_ung_the',1,'search',134);
Insert into IDVN_CORE_USER_PERMISSIONS (PID,PERMISSION_NAME,PERMISSION_TYPE,CONTROLLER_NAME,USERID) values (null,'giao_dich_hoan_ung',1,'search',134);
Insert into IDVN_CORE_USER_PERMISSIONS (PID,PERMISSION_NAME,PERMISSION_TYPE,CONTROLLER_NAME,USERID) values (null,'tra_cuu_no',1,'search',134);
Insert into IDVN_CORE_USER_PERMISSIONS (PID,PERMISSION_NAME,PERMISSION_TYPE,CONTROLLER_NAME,USERID) values (null,'danh_sach_blacklist',1,'search',134);
Insert into IDVN_CORE_USER_PERMISSIONS (PID,PERMISSION_NAME,PERMISSION_TYPE,CONTROLLER_NAME,USERID) values (null,'thong_tin_thue_bao',1,'search',134);
Insert into IDVN_CORE_USER_PERMISSIONS (PID,PERMISSION_NAME,PERMISSION_TYPE,CONTROLLER_NAME,USERID) values (null,'trang_thai_the_cao',1,'search',134);
Insert into IDVN_CORE_USER_PERMISSIONS (PID,PERMISSION_NAME,PERMISSION_TYPE,CONTROLLER_NAME,USERID) values (null,'sms_log',1,'search',134);
Insert into IDVN_CORE_USER_PERMISSIONS (PID,PERMISSION_NAME,PERMISSION_TYPE,CONTROLLER_NAME,USERID) values (null,'add',1,'blacklistreason',1);
Insert into IDVN_CORE_USER_PERMISSIONS (PID,PERMISSION_NAME,PERMISSION_TYPE,CONTROLLER_NAME,USERID) values (null,'delete',1,'blacklistreason',1);
Insert into IDVN_CORE_USER_PERMISSIONS (PID,PERMISSION_NAME,PERMISSION_TYPE,CONTROLLER_NAME,USERID) values (null,'danh_sach_blacklist',1,'complain',1);
Insert into IDVN_CORE_USER_PERMISSIONS (PID,PERMISSION_NAME,PERMISSION_TYPE,CONTROLLER_NAME,USERID) values (null,'bu_the_do_khieu_nai',1,'complain',1);
Insert into IDVN_CORE_USER_PERMISSIONS (PID,PERMISSION_NAME,PERMISSION_TYPE,CONTROLLER_NAME,USERID) values (null,'xoa_no_do_khieu_nai',1,'complain',1);
Insert into IDVN_CORE_USER_PERMISSIONS (PID,PERMISSION_NAME,PERMISSION_TYPE,CONTROLLER_NAME,USERID) values (null,'dua_thue_bao_vao_blacklist',1,'complain',1);
Insert into IDVN_CORE_USER_PERMISSIONS (PID,PERMISSION_NAME,PERMISSION_TYPE,CONTROLLER_NAME,USERID) values (null,'delete',1,'complain',1);
Insert into IDVN_CORE_USER_PERMISSIONS (PID,PERMISSION_NAME,PERMISSION_TYPE,CONTROLLER_NAME,USERID) values (null,'list',1,'defineagelevel',1);
Insert into IDVN_CORE_USER_PERMISSIONS (PID,PERMISSION_NAME,PERMISSION_TYPE,CONTROLLER_NAME,USERID) values (null,'edit',1,'defineagelevel',1);
Insert into IDVN_CORE_USER_PERMISSIONS (PID,PERMISSION_NAME,PERMISSION_TYPE,CONTROLLER_NAME,USERID) values (null,'list',1,'definerules',1);
Insert into IDVN_CORE_USER_PERMISSIONS (PID,PERMISSION_NAME,PERMISSION_TYPE,CONTROLLER_NAME,USERID) values (null,'edit',1,'definerules',1);
Insert into IDVN_CORE_USER_PERMISSIONS (PID,PERMISSION_NAME,PERMISSION_TYPE,CONTROLLER_NAME,USERID) values (null,'list',1,'defineusagelevel',1);
Insert into IDVN_CORE_USER_PERMISSIONS (PID,PERMISSION_NAME,PERMISSION_TYPE,CONTROLLER_NAME,USERID) values (null,'edit',1,'defineusagelevel',1);
Insert into IDVN_CORE_USER_PERMISSIONS (PID,PERMISSION_NAME,PERMISSION_TYPE,CONTROLLER_NAME,USERID) values (null,'list',1,'errorcode',1);
Insert into IDVN_CORE_USER_PERMISSIONS (PID,PERMISSION_NAME,PERMISSION_TYPE,CONTROLLER_NAME,USERID) values (null,'add',1,'errorcode',1);
Insert into IDVN_CORE_USER_PERMISSIONS (PID,PERMISSION_NAME,PERMISSION_TYPE,CONTROLLER_NAME,USERID) values (null,'edit',1,'errorcode',1);
Insert into IDVN_CORE_USER_PERMISSIONS (PID,PERMISSION_NAME,PERMISSION_TYPE,CONTROLLER_NAME,USERID) values (null,'delete',1,'errorcode',1);
Insert into IDVN_CORE_USER_PERMISSIONS (PID,PERMISSION_NAME,PERMISSION_TYPE,CONTROLLER_NAME,USERID) values (null,'list',1,'group',1);
Insert into IDVN_CORE_USER_PERMISSIONS (PID,PERMISSION_NAME,PERMISSION_TYPE,CONTROLLER_NAME,USERID) values (null,'delete',1,'group',1);
Insert into IDVN_CORE_USER_PERMISSIONS (PID,PERMISSION_NAME,PERMISSION_TYPE,CONTROLLER_NAME,USERID) values (null,'add',1,'group',1);
Insert into IDVN_CORE_USER_PERMISSIONS (PID,PERMISSION_NAME,PERMISSION_TYPE,CONTROLLER_NAME,USERID) values (null,'edit',1,'group',1);
Insert into IDVN_CORE_USER_PERMISSIONS (PID,PERMISSION_NAME,PERMISSION_TYPE,CONTROLLER_NAME,USERID) values (null,'activate',1,'group',1);
Insert into IDVN_CORE_USER_PERMISSIONS (PID,PERMISSION_NAME,PERMISSION_TYPE,CONTROLLER_NAME,USERID) values (null,'list',1,'impactlogs',1);
Insert into IDVN_CORE_USER_PERMISSIONS (PID,PERMISSION_NAME,PERMISSION_TYPE,CONTROLLER_NAME,USERID) values (null,'list',1,'message',1);
Insert into IDVN_CORE_USER_PERMISSIONS (PID,PERMISSION_NAME,PERMISSION_TYPE,CONTROLLER_NAME,USERID) values (null,'add',1,'message',1);
Insert into IDVN_CORE_USER_PERMISSIONS (PID,PERMISSION_NAME,PERMISSION_TYPE,CONTROLLER_NAME,USERID) values (null,'edit',1,'message',1);
Insert into IDVN_CORE_USER_PERMISSIONS (PID,PERMISSION_NAME,PERMISSION_TYPE,CONTROLLER_NAME,USERID) values (null,'delete',1,'message',1);
Insert into IDVN_CORE_USER_PERMISSIONS (PID,PERMISSION_NAME,PERMISSION_TYPE,CONTROLLER_NAME,USERID) values (null,'index',1,'permission',1);
Insert into IDVN_CORE_USER_PERMISSIONS (PID,PERMISSION_NAME,PERMISSION_TYPE,CONTROLLER_NAME,USERID) values (null,'action',1,'permission',1);
Insert into IDVN_CORE_USER_PERMISSIONS (PID,PERMISSION_NAME,PERMISSION_TYPE,CONTROLLER_NAME,USERID) values (null,'delete_action',1,'permission',1);
Insert into IDVN_CORE_USER_PERMISSIONS (PID,PERMISSION_NAME,PERMISSION_TYPE,CONTROLLER_NAME,USERID) values (null,'cau_hinh_process_bpm',1,'quanlybpm',1);
Insert into IDVN_CORE_USER_PERMISSIONS (PID,PERMISSION_NAME,PERMISSION_TYPE,CONTROLLER_NAME,USERID) values (null,'lich_chay_process',1,'quanlybpm',1);
Insert into IDVN_CORE_USER_PERMISSIONS (PID,PERMISSION_NAME,PERMISSION_TYPE,CONTROLLER_NAME,USERID) values (null,'tra_cuu_process_execution',1,'quanlybpm',1);
Insert into IDVN_CORE_USER_PERMISSIONS (PID,PERMISSION_NAME,PERMISSION_TYPE,CONTROLLER_NAME,USERID) values (null,'tongquan',1,'report',1);
Insert into IDVN_CORE_USER_PERMISSIONS (PID,PERMISSION_NAME,PERMISSION_TYPE,CONTROLLER_NAME,USERID) values (null,'muc_the_ung',1,'search',1);
Insert into IDVN_CORE_USER_PERMISSIONS (PID,PERMISSION_NAME,PERMISSION_TYPE,CONTROLLER_NAME,USERID) values (null,'giao_dich_ung_the',1,'search',1);
Insert into IDVN_CORE_USER_PERMISSIONS (PID,PERMISSION_NAME,PERMISSION_TYPE,CONTROLLER_NAME,USERID) values (null,'giao_dich_hoan_ung',1,'search',1);
Insert into IDVN_CORE_USER_PERMISSIONS (PID,PERMISSION_NAME,PERMISSION_TYPE,CONTROLLER_NAME,USERID) values (null,'tra_cuu_no',1,'search',1);
Insert into IDVN_CORE_USER_PERMISSIONS (PID,PERMISSION_NAME,PERMISSION_TYPE,CONTROLLER_NAME,USERID) values (null,'danh_sach_blacklist',1,'search',1);
Insert into IDVN_CORE_USER_PERMISSIONS (PID,PERMISSION_NAME,PERMISSION_TYPE,CONTROLLER_NAME,USERID) values (null,'thong_tin_thue_bao',1,'search',1);
Insert into IDVN_CORE_USER_PERMISSIONS (PID,PERMISSION_NAME,PERMISSION_TYPE,CONTROLLER_NAME,USERID) values (null,'trang_thai_the_cao',1,'search',1);
Insert into IDVN_CORE_USER_PERMISSIONS (PID,PERMISSION_NAME,PERMISSION_TYPE,CONTROLLER_NAME,USERID) values (null,'sms_log',1,'search',1);
Insert into IDVN_CORE_USER_PERMISSIONS (PID,PERMISSION_NAME,PERMISSION_TYPE,CONTROLLER_NAME,USERID) values (null,'config',1,'system',1);
Insert into IDVN_CORE_USER_PERMISSIONS (PID,PERMISSION_NAME,PERMISSION_TYPE,CONTROLLER_NAME,USERID) values (null,'list',1,'systemparam',1);
Insert into IDVN_CORE_USER_PERMISSIONS (PID,PERMISSION_NAME,PERMISSION_TYPE,CONTROLLER_NAME,USERID) values (null,'add',1,'systemparam',1);
Insert into IDVN_CORE_USER_PERMISSIONS (PID,PERMISSION_NAME,PERMISSION_TYPE,CONTROLLER_NAME,USERID) values (null,'edit',1,'systemparam',1);
Insert into IDVN_CORE_USER_PERMISSIONS (PID,PERMISSION_NAME,PERMISSION_TYPE,CONTROLLER_NAME,USERID) values (null,'delete',1,'systemparam',1);
Insert into IDVN_CORE_USER_PERMISSIONS (PID,PERMISSION_NAME,PERMISSION_TYPE,CONTROLLER_NAME,USERID) values (null,'list',1,'user',1);
Insert into IDVN_CORE_USER_PERMISSIONS (PID,PERMISSION_NAME,PERMISSION_TYPE,CONTROLLER_NAME,USERID) values (null,'activate',1,'user',1);
Insert into IDVN_CORE_USER_PERMISSIONS (PID,PERMISSION_NAME,PERMISSION_TYPE,CONTROLLER_NAME,USERID) values (null,'check',1,'user',1);
Insert into IDVN_CORE_USER_PERMISSIONS (PID,PERMISSION_NAME,PERMISSION_TYPE,CONTROLLER_NAME,USERID) values (null,'add',1,'user',1);
Insert into IDVN_CORE_USER_PERMISSIONS (PID,PERMISSION_NAME,PERMISSION_TYPE,CONTROLLER_NAME,USERID) values (null,'edit',1,'user',1);
Insert into IDVN_CORE_USER_PERMISSIONS (PID,PERMISSION_NAME,PERMISSION_TYPE,CONTROLLER_NAME,USERID) values (null,'delete',1,'user',1);
Insert into IDVN_CORE_USER_PERMISSIONS (PID,PERMISSION_NAME,PERMISSION_TYPE,CONTROLLER_NAME,USERID) values (null,'suggest',1,'user',1);
Insert into IDVN_CORE_USER_PERMISSIONS (PID,PERMISSION_NAME,PERMISSION_TYPE,CONTROLLER_NAME,USERID) values (null,'danh_sach_blacklist',1,'complain',114);
Insert into IDVN_CORE_USER_PERMISSIONS (PID,PERMISSION_NAME,PERMISSION_TYPE,CONTROLLER_NAME,USERID) values (null,'dua_thue_bao_vao_blacklist',1,'complain',114);
Insert into IDVN_CORE_USER_PERMISSIONS (PID,PERMISSION_NAME,PERMISSION_TYPE,CONTROLLER_NAME,USERID) values (null,'delete',1,'complain',114);
Insert into IDVN_CORE_USER_PERMISSIONS (PID,PERMISSION_NAME,PERMISSION_TYPE,CONTROLLER_NAME,USERID) values (null,'list',1,'group',114);
Insert into IDVN_CORE_USER_PERMISSIONS (PID,PERMISSION_NAME,PERMISSION_TYPE,CONTROLLER_NAME,USERID) values (null,'delete',1,'group',114);
Insert into IDVN_CORE_USER_PERMISSIONS (PID,PERMISSION_NAME,PERMISSION_TYPE,CONTROLLER_NAME,USERID) values (null,'add',1,'group',114);
Insert into IDVN_CORE_USER_PERMISSIONS (PID,PERMISSION_NAME,PERMISSION_TYPE,CONTROLLER_NAME,USERID) values (null,'edit',1,'group',114);
Insert into IDVN_CORE_USER_PERMISSIONS (PID,PERMISSION_NAME,PERMISSION_TYPE,CONTROLLER_NAME,USERID) values (null,'activate',1,'group',114);
Insert into IDVN_CORE_USER_PERMISSIONS (PID,PERMISSION_NAME,PERMISSION_TYPE,CONTROLLER_NAME,USERID) values (null,'list',1,'impactlogs',114);
Insert into IDVN_CORE_USER_PERMISSIONS (PID,PERMISSION_NAME,PERMISSION_TYPE,CONTROLLER_NAME,USERID) values (null,'index',1,'permission',114);
Insert into IDVN_CORE_USER_PERMISSIONS (PID,PERMISSION_NAME,PERMISSION_TYPE,CONTROLLER_NAME,USERID) values (null,'tongquan',1,'report',114);
Insert into IDVN_CORE_USER_PERMISSIONS (PID,PERMISSION_NAME,PERMISSION_TYPE,CONTROLLER_NAME,USERID) values (null,'muc_the_ung',1,'search',114);
Insert into IDVN_CORE_USER_PERMISSIONS (PID,PERMISSION_NAME,PERMISSION_TYPE,CONTROLLER_NAME,USERID) values (null,'giao_dich_ung_the',1,'search',114);
Insert into IDVN_CORE_USER_PERMISSIONS (PID,PERMISSION_NAME,PERMISSION_TYPE,CONTROLLER_NAME,USERID) values (null,'giao_dich_hoan_ung',1,'search',114);
Insert into IDVN_CORE_USER_PERMISSIONS (PID,PERMISSION_NAME,PERMISSION_TYPE,CONTROLLER_NAME,USERID) values (null,'tra_cuu_no',1,'search',114);
Insert into IDVN_CORE_USER_PERMISSIONS (PID,PERMISSION_NAME,PERMISSION_TYPE,CONTROLLER_NAME,USERID) values (null,'danh_sach_blacklist',1,'search',114);
Insert into IDVN_CORE_USER_PERMISSIONS (PID,PERMISSION_NAME,PERMISSION_TYPE,CONTROLLER_NAME,USERID) values (null,'thong_tin_thue_bao',1,'search',114);
Insert into IDVN_CORE_USER_PERMISSIONS (PID,PERMISSION_NAME,PERMISSION_TYPE,CONTROLLER_NAME,USERID) values (null,'trang_thai_the_cao',1,'search',114);
Insert into IDVN_CORE_USER_PERMISSIONS (PID,PERMISSION_NAME,PERMISSION_TYPE,CONTROLLER_NAME,USERID) values (null,'sms_log',1,'search',114);
Insert into IDVN_CORE_USER_PERMISSIONS (PID,PERMISSION_NAME,PERMISSION_TYPE,CONTROLLER_NAME,USERID) values (null,'config',1,'system',114);
Insert into IDVN_CORE_USER_PERMISSIONS (PID,PERMISSION_NAME,PERMISSION_TYPE,CONTROLLER_NAME,USERID) values (null,'list',1,'user',114);
Insert into IDVN_CORE_USER_PERMISSIONS (PID,PERMISSION_NAME,PERMISSION_TYPE,CONTROLLER_NAME,USERID) values (null,'activate',1,'user',114);
Insert into IDVN_CORE_USER_PERMISSIONS (PID,PERMISSION_NAME,PERMISSION_TYPE,CONTROLLER_NAME,USERID) values (null,'check',1,'user',114);
Insert into IDVN_CORE_USER_PERMISSIONS (PID,PERMISSION_NAME,PERMISSION_TYPE,CONTROLLER_NAME,USERID) values (null,'add',1,'user',114);
Insert into IDVN_CORE_USER_PERMISSIONS (PID,PERMISSION_NAME,PERMISSION_TYPE,CONTROLLER_NAME,USERID) values (null,'edit',1,'user',114);
Insert into IDVN_CORE_USER_PERMISSIONS (PID,PERMISSION_NAME,PERMISSION_TYPE,CONTROLLER_NAME,USERID) values (null,'delete',1,'user',114);
Insert into IDVN_CORE_USER_PERMISSIONS (PID,PERMISSION_NAME,PERMISSION_TYPE,CONTROLLER_NAME,USERID) values (null,'suggest',1,'user',114);
Insert into IDVN_CORE_USER_PERMISSIONS (PID,PERMISSION_NAME,PERMISSION_TYPE,CONTROLLER_NAME,USERID) values (null,'list',1,'blacklistreason',1);
Insert into IDVN_CORE_USER_PERMISSIONS (PID,PERMISSION_NAME,PERMISSION_TYPE,CONTROLLER_NAME,USERID) values (null,'edit',1,'blacklistreason',1);
REM INSERTING into IDVN_CORE_USERGROUPS
SET DEFINE OFF;
Insert into IDVN_CORE_USERGROUPS (GROUP_ID,GROUP_NAME,IS_ACTIVE) values (1,'Root',1);
Insert into IDVN_CORE_USERGROUPS (GROUP_ID,GROUP_NAME,IS_ACTIVE) values (2,'Member',1);
REM INSERTING into IDVN_IMPACT_LOGS
SET DEFINE OFF;
Insert into IDVN_IMPACT_LOGS (LOG_ID,USER_ID,USERNAME,LOCATION,CREATE_DATE,DESCRIPTIONS,IP) values (71292,1,'admin','user => add',to_timestamp('30-NOV-17 05.10.48.000000000 PM','DD-MON-RR HH.MI.SSXFF AM'),'Them user <b>Nguy???n V??n Test</b>','10.6.182.131');
Insert into IDVN_IMPACT_LOGS (LOG_ID,USER_ID,USERNAME,LOCATION,CREATE_DATE,DESCRIPTIONS,IP) values (71352,1,'admin','user => add',to_timestamp('17-DEC-17 10.51.45.000000000 AM','DD-MON-RR HH.MI.SSXFF AM'),'Them user <b>Quan Tri</b>','10.6.182.131');
Insert into IDVN_IMPACT_LOGS (LOG_ID,USER_ID,USERNAME,LOCATION,CREATE_DATE,DESCRIPTIONS,IP) values (71353,1,'admin','user => activate',to_timestamp('17-DEC-17 10.51.56.000000000 AM','DD-MON-RR HH.MI.SSXFF AM'),'Doi trang thai user <b>Quan Tri</b>','10.6.182.131');
Insert into IDVN_IMPACT_LOGS (LOG_ID,USER_ID,USERNAME,LOCATION,CREATE_DATE,DESCRIPTIONS,IP) values (71354,114,'root','permission => action',to_timestamp('17-DEC-17 11.02.21.000000000 AM','DD-MON-RR HH.MI.SSXFF AM'),'Them action <b>tongquan</b> vao  Controller <b>Report_Controller</b>','10.6.182.131');
Insert into IDVN_IMPACT_LOGS (LOG_ID,USER_ID,USERNAME,LOCATION,CREATE_DATE,DESCRIPTIONS,IP) values (71295,1,'admin','group => add',to_timestamp('22-NOV-17 10.48.15.000000000 AM','DD-MON-RR HH.MI.SSXFF AM'),'Them nhom user Test 123456','113.190.232.63');
Insert into IDVN_IMPACT_LOGS (LOG_ID,USER_ID,USERNAME,LOCATION,CREATE_DATE,DESCRIPTIONS,IP) values (71296,1,'admin','group => add',to_timestamp('22-NOV-17 10.48.25.000000000 AM','DD-MON-RR HH.MI.SSXFF AM'),'Them nhom user FDBFDGN FH G','113.190.232.63');
Insert into IDVN_IMPACT_LOGS (LOG_ID,USER_ID,USERNAME,LOCATION,CREATE_DATE,DESCRIPTIONS,IP) values (71297,1,'admin','group => edit',to_timestamp('22-NOV-17 10.51.09.000000000 AM','DD-MON-RR HH.MI.SSXFF AM'),'Sua nhom user Test 123456','113.190.232.63');
Insert into IDVN_IMPACT_LOGS (LOG_ID,USER_ID,USERNAME,LOCATION,CREATE_DATE,DESCRIPTIONS,IP) values (71298,1,'admin','group => edit',to_timestamp('22-NOV-17 10.51.15.000000000 AM','DD-MON-RR HH.MI.SSXFF AM'),'Sua nhom user Test 123456','113.190.232.63');
Insert into IDVN_IMPACT_LOGS (LOG_ID,USER_ID,USERNAME,LOCATION,CREATE_DATE,DESCRIPTIONS,IP) values (71299,1,'admin','group => edit',to_timestamp('22-NOV-17 10.52.38.000000000 AM','DD-MON-RR HH.MI.SSXFF AM'),'Sua nhom user Test 123456 12345','113.190.232.63');
Insert into IDVN_IMPACT_LOGS (LOG_ID,USER_ID,USERNAME,LOCATION,CREATE_DATE,DESCRIPTIONS,IP) values (71300,1,'admin','group => edit',to_timestamp('22-NOV-17 10.53.51.000000000 AM','DD-MON-RR HH.MI.SSXFF AM'),'Sua nhom user Test 123456 12345 thanh Test 123456 12345 fdgdnbrgf fgnth','113.190.232.63');
Insert into IDVN_IMPACT_LOGS (LOG_ID,USER_ID,USERNAME,LOCATION,CREATE_DATE,DESCRIPTIONS,IP) values (71317,1,'admin','group => activate',to_timestamp('23-NOV-17 10.32.53.000000000 AM','DD-MON-RR HH.MI.SSXFF AM'),'Doi trang thai nhom user <b>fbdgn f hg  0987654</b>','113.190.232.63');
Insert into IDVN_IMPACT_LOGS (LOG_ID,USER_ID,USERNAME,LOCATION,CREATE_DATE,DESCRIPTIONS,IP) values (71315,1,'admin','group => add',to_timestamp('23-NOV-17 10.32.36.000000000 AM','DD-MON-RR HH.MI.SSXFF AM'),'Them nhom user <b>fbdgn f hg  0987654</b>','113.190.232.63');
Insert into IDVN_IMPACT_LOGS (LOG_ID,USER_ID,USERNAME,LOCATION,CREATE_DATE,DESCRIPTIONS,IP) values (71316,1,'admin','group => add',to_timestamp('23-NOV-17 10.32.39.000000000 AM','DD-MON-RR HH.MI.SSXFF AM'),'Them nhom user <b>Test 123456 gnfnh</b>','113.190.232.63');
Insert into IDVN_IMPACT_LOGS (LOG_ID,USER_ID,USERNAME,LOCATION,CREATE_DATE,DESCRIPTIONS,IP) values (71318,1,'admin','group => activate',to_timestamp('23-NOV-17 10.32.54.000000000 AM','DD-MON-RR HH.MI.SSXFF AM'),'Doi trang thai nhom user <b>Test 123456 gnfnh</b>','113.190.232.63');
Insert into IDVN_IMPACT_LOGS (LOG_ID,USER_ID,USERNAME,LOCATION,CREATE_DATE,DESCRIPTIONS,IP) values (71319,1,'admin','group => edit',to_timestamp('23-NOV-17 10.33.15.000000000 AM','DD-MON-RR HH.MI.SSXFF AM'),'Sua nhom user <b>fbdgn f hg  0987654</b> thanh <b>fbdgn f hg  0987654 fgnfgnnth</b>','113.190.232.63');
Insert into IDVN_IMPACT_LOGS (LOG_ID,USER_ID,USERNAME,LOCATION,CREATE_DATE,DESCRIPTIONS,IP) values (71320,1,'admin','group => delete',to_timestamp('23-NOV-17 10.33.29.000000000 AM','DD-MON-RR HH.MI.SSXFF AM'),'Xoa nhom user <b>fbdgn f hg  0987654 fgnfgnnth</b>','113.190.232.63');
Insert into IDVN_IMPACT_LOGS (LOG_ID,USER_ID,USERNAME,LOCATION,CREATE_DATE,DESCRIPTIONS,IP) values (71321,1,'admin','group => delete',to_timestamp('23-NOV-17 10.33.29.000000000 AM','DD-MON-RR HH.MI.SSXFF AM'),'Xoa nhom user <b>Test 123456 gnfnh</b>','113.190.232.63');
Insert into IDVN_IMPACT_LOGS (LOG_ID,USER_ID,USERNAME,LOCATION,CREATE_DATE,DESCRIPTIONS,IP) values (71294,1,'admin','group => add',to_timestamp('22-NOV-17 10.47.11.000000000 AM','DD-MON-RR HH.MI.SSXFF AM'),'Them nhom user Test 123','113.190.232.63');
Insert into IDVN_IMPACT_LOGS (LOG_ID,USER_ID,USERNAME,LOCATION,CREATE_DATE,DESCRIPTIONS,IP) values (71330,1,'admin','permission => action',to_timestamp('23-NOV-17 11.20.54.000000000 AM','DD-MON-RR HH.MI.SSXFF AM'),'Them action <b>thong_tin_thue_bao</b> vao  Controller: <b>Blacklistreason_Controller</b>','113.190.232.63');
Insert into IDVN_IMPACT_LOGS (LOG_ID,USER_ID,USERNAME,LOCATION,CREATE_DATE,DESCRIPTIONS,IP) values (71331,1,'admin','permission => action',to_timestamp('23-NOV-17 11.21.19.000000000 AM','DD-MON-RR HH.MI.SSXFF AM'),'Them action <b>123</b> vao  Controller <b>Defineagelevel_Controller</b>','113.190.232.63');
Insert into IDVN_IMPACT_LOGS (LOG_ID,USER_ID,USERNAME,LOCATION,CREATE_DATE,DESCRIPTIONS,IP) values (71302,1,'admin','group => delete',to_timestamp('22-NOV-17 11.07.52.000000000 AM','DD-MON-RR HH.MI.SSXFF AM'),'Xoa nhom user Test 123','113.190.232.63');
Insert into IDVN_IMPACT_LOGS (LOG_ID,USER_ID,USERNAME,LOCATION,CREATE_DATE,DESCRIPTIONS,IP) values (71307,1,'admin','group => activate',to_timestamp('23-NOV-17 09.53.49.000000000 AM','DD-MON-RR HH.MI.SSXFF AM'),'Kich hoat va huy kich hoat nhom user Test 123','113.190.232.63');
Insert into IDVN_IMPACT_LOGS (LOG_ID,USER_ID,USERNAME,LOCATION,CREATE_DATE,DESCRIPTIONS,IP) values (71311,1,'admin','group => activate',to_timestamp('23-NOV-17 10.22.09.000000000 AM','DD-MON-RR HH.MI.SSXFF AM'),'Doi trang thai nhom user Test 123','113.190.232.63');
Insert into IDVN_IMPACT_LOGS (LOG_ID,USER_ID,USERNAME,LOCATION,CREATE_DATE,DESCRIPTIONS,IP) values (71312,1,'admin','group => activate',to_timestamp('23-NOV-17 10.22.09.000000000 AM','DD-MON-RR HH.MI.SSXFF AM'),'Doi trang thai nhom user fgnfg','113.190.232.63');
Insert into IDVN_IMPACT_LOGS (LOG_ID,USER_ID,USERNAME,LOCATION,CREATE_DATE,DESCRIPTIONS,IP) values (71313,1,'admin','group => delete',to_timestamp('23-NOV-17 10.30.45.000000000 AM','DD-MON-RR HH.MI.SSXFF AM'),'Xoa nhom user Test 123','113.190.232.63');
Insert into IDVN_IMPACT_LOGS (LOG_ID,USER_ID,USERNAME,LOCATION,CREATE_DATE,DESCRIPTIONS,IP) values (71314,1,'admin','group => delete',to_timestamp('23-NOV-17 10.30.45.000000000 AM','DD-MON-RR HH.MI.SSXFF AM'),'Xoa nhom user fgnfg','113.190.232.63');
Insert into IDVN_IMPACT_LOGS (LOG_ID,USER_ID,USERNAME,LOCATION,CREATE_DATE,DESCRIPTIONS,IP) values (71322,1,'admin','user => add',to_timestamp('23-NOV-17 10.37.19.000000000 AM','DD-MON-RR HH.MI.SSXFF AM'),'Them user <b>Nguy???n V??n Test</b>','113.190.232.63');
Insert into IDVN_IMPACT_LOGS (LOG_ID,USER_ID,USERNAME,LOCATION,CREATE_DATE,DESCRIPTIONS,IP) values (71326,1,'admin','user => activate',to_timestamp('23-NOV-17 10.55.27.000000000 AM','DD-MON-RR HH.MI.SSXFF AM'),'Doi trang thai user <b>Nguyen Van Test</b>','113.190.232.63');
Insert into IDVN_IMPACT_LOGS (LOG_ID,USER_ID,USERNAME,LOCATION,CREATE_DATE,DESCRIPTIONS,IP) values (71327,1,'admin','user => delete',to_timestamp('23-NOV-17 10.55.46.000000000 AM','DD-MON-RR HH.MI.SSXFF AM'),'Xoa user <b>Nguyen Van Test</b>','113.190.232.63');
Insert into IDVN_IMPACT_LOGS (LOG_ID,USER_ID,USERNAME,LOCATION,CREATE_DATE,DESCRIPTIONS,IP) values (71333,1,'admin','permission => delete_action',to_timestamp('23-NOV-17 11.23.05.000000000 AM','DD-MON-RR HH.MI.SSXFF AM'),'Xoa action <b></b> cua Controller <b></b>','113.190.232.63');
Insert into IDVN_IMPACT_LOGS (LOG_ID,USER_ID,USERNAME,LOCATION,CREATE_DATE,DESCRIPTIONS,IP) values (71336,1,'admin','permission => delete_action',to_timestamp('23-NOV-17 11.24.17.000000000 AM','DD-MON-RR HH.MI.SSXFF AM'),'Xoa action <b></b> cua Controller <b></b>','113.190.232.63');
Insert into IDVN_IMPACT_LOGS (LOG_ID,USER_ID,USERNAME,LOCATION,CREATE_DATE,DESCRIPTIONS,IP) values (71328,1,'admin','user => activate',to_timestamp('23-NOV-17 10.59.53.000000000 AM','DD-MON-RR HH.MI.SSXFF AM'),'Doi trang thai user <b>Demo</b>','113.190.232.63');
Insert into IDVN_IMPACT_LOGS (LOG_ID,USER_ID,USERNAME,LOCATION,CREATE_DATE,DESCRIPTIONS,IP) values (71305,1,'admin','group => delete',to_timestamp('23-NOV-17 09.44.07.000000000 AM','DD-MON-RR HH.MI.SSXFF AM'),'Xoa nhom user Test 123456 gnfnh dfbdg','113.190.232.63');
Insert into IDVN_IMPACT_LOGS (LOG_ID,USER_ID,USERNAME,LOCATION,CREATE_DATE,DESCRIPTIONS,IP) values (71303,1,'admin','group => add',to_timestamp('22-NOV-17 10.37.27.000000000 PM','DD-MON-RR HH.MI.SSXFF AM'),'Them nhom user Test 123456 gnfnh dfbdg','42.113.126.25');
Insert into IDVN_IMPACT_LOGS (LOG_ID,USER_ID,USERNAME,LOCATION,CREATE_DATE,DESCRIPTIONS,IP) values (71304,1,'admin','group => delete',to_timestamp('23-NOV-17 09.44.07.000000000 AM','DD-MON-RR HH.MI.SSXFF AM'),'Xoa nhom user FDBFDGN FH G','113.190.232.63');
Insert into IDVN_IMPACT_LOGS (LOG_ID,USER_ID,USERNAME,LOCATION,CREATE_DATE,DESCRIPTIONS,IP) values (71306,1,'admin','group => add',to_timestamp('23-NOV-17 09.48.26.000000000 AM','DD-MON-RR HH.MI.SSXFF AM'),'Them nhom user fgnfg','113.190.232.63');
Insert into IDVN_IMPACT_LOGS (LOG_ID,USER_ID,USERNAME,LOCATION,CREATE_DATE,DESCRIPTIONS,IP) values (71308,1,'admin','group => activate',to_timestamp('23-NOV-17 09.54.15.000000000 AM','DD-MON-RR HH.MI.SSXFF AM'),'Doi trang thai nhom user Test 123','113.190.232.63');
Insert into IDVN_IMPACT_LOGS (LOG_ID,USER_ID,USERNAME,LOCATION,CREATE_DATE,DESCRIPTIONS,IP) values (71309,1,'admin','group => activate',to_timestamp('23-NOV-17 09.54.15.000000000 AM','DD-MON-RR HH.MI.SSXFF AM'),'Doi trang thai nhom user fgnfg','113.190.232.63');
Insert into IDVN_IMPACT_LOGS (LOG_ID,USER_ID,USERNAME,LOCATION,CREATE_DATE,DESCRIPTIONS,IP) values (71310,1,'admin','group => activate',to_timestamp('23-NOV-17 09.54.18.000000000 AM','DD-MON-RR HH.MI.SSXFF AM'),'Doi trang thai nhom user fgnfg','113.190.232.63');
Insert into IDVN_IMPACT_LOGS (LOG_ID,USER_ID,USERNAME,LOCATION,CREATE_DATE,DESCRIPTIONS,IP) values (71323,1,'admin','user => edit',to_timestamp('23-NOV-17 10.43.55.000000000 AM','DD-MON-RR HH.MI.SSXFF AM'),'Sua user: 
					<b>Nguy???n V??n Test</b> thanh <b>Nguyen Van Test</b><br/>
					<b>nguyentest</b> thanh <b>nguyentest</b><br/>
					<b>test@gmail.com</b> thanh <b>test@gmail.com</b><br/>
					<b>2</b> thanh <b>2</b><br/>','113.190.232.63');
Insert into IDVN_IMPACT_LOGS (LOG_ID,USER_ID,USERNAME,LOCATION,CREATE_DATE,DESCRIPTIONS,IP) values (71324,1,'admin','user => edit',to_timestamp('23-NOV-17 10.45.08.000000000 AM','DD-MON-RR HH.MI.SSXFF AM'),'Sua user: 
					Full name: <b>Nguyen Van Test</b> thanh <b>Nguyen Van Test 123</b><br/>
					User name: <b>nguyentest</b> thanh <b>nguyentest</b><br/>
					Email: <b>test@gmail.com</b> thanh <b>test@gmail.com</b><br/>
					Group: <b>2</b> thanh <b>2</b><br/>','113.190.232.63');
Insert into IDVN_IMPACT_LOGS (LOG_ID,USER_ID,USERNAME,LOCATION,CREATE_DATE,DESCRIPTIONS,IP) values (71325,1,'admin','user => edit',to_timestamp('23-NOV-17 10.45.35.000000000 AM','DD-MON-RR HH.MI.SSXFF AM'),'Sua user:<br> 
					Full name: <b>Nguyen Van Test 123</b> thanh <b>Nguyen Van Test</b><br/>
					User name: <b>nguyentest</b> thanh <b>nguyentest</b><br/>
					Email: <b>test@gmail.com</b> thanh <b>test@gmail.com</b><br/>
					Group: <b>2</b> thanh <b>2</b><br/>','113.190.232.63');
Insert into IDVN_IMPACT_LOGS (LOG_ID,USER_ID,USERNAME,LOCATION,CREATE_DATE,DESCRIPTIONS,IP) values (71329,1,'admin','user => activate',to_timestamp('23-NOV-17 11.11.48.000000000 AM','DD-MON-RR HH.MI.SSXFF AM'),'Doi trang thai user <b>Demo</b>','113.190.232.63');
Insert into IDVN_IMPACT_LOGS (LOG_ID,USER_ID,USERNAME,LOCATION,CREATE_DATE,DESCRIPTIONS,IP) values (71332,1,'admin','permission => delete_action',to_timestamp('23-NOV-17 11.21.36.000000000 AM','DD-MON-RR HH.MI.SSXFF AM'),'Xoa action <b></b> cua Controller <b></b>','113.190.232.63');
Insert into IDVN_IMPACT_LOGS (LOG_ID,USER_ID,USERNAME,LOCATION,CREATE_DATE,DESCRIPTIONS,IP) values (71334,1,'admin','permission => action',to_timestamp('23-NOV-17 11.23.21.000000000 AM','DD-MON-RR HH.MI.SSXFF AM'),'Them action <b>thong_tin_thue_bao</b> vao  Controller <b>Definerules_Controller</b>','113.190.232.63');
Insert into IDVN_IMPACT_LOGS (LOG_ID,USER_ID,USERNAME,LOCATION,CREATE_DATE,DESCRIPTIONS,IP) values (71335,1,'admin','permission => action',to_timestamp('23-NOV-17 11.23.26.000000000 AM','DD-MON-RR HH.MI.SSXFF AM'),'Them action <b>123</b> vao  Controller <b>Errorcode_Controller</b>','113.190.232.63');
Insert into IDVN_IMPACT_LOGS (LOG_ID,USER_ID,USERNAME,LOCATION,CREATE_DATE,DESCRIPTIONS,IP) values (71337,1,'admin','permission => delete_action',to_timestamp('23-NOV-17 11.25.23.000000000 AM','DD-MON-RR HH.MI.SSXFF AM'),'Xoa action <b></b> cua Controller <b></b>','113.190.232.63');
Insert into IDVN_IMPACT_LOGS (LOG_ID,USER_ID,USERNAME,LOCATION,CREATE_DATE,DESCRIPTIONS,IP) values (71338,1,'admin','permission => delete_action',to_timestamp('23-NOV-17 11.25.24.000000000 AM','DD-MON-RR HH.MI.SSXFF AM'),'Xoa action <b></b> cua Controller <b></b>','113.190.232.63');
Insert into IDVN_IMPACT_LOGS (LOG_ID,USER_ID,USERNAME,LOCATION,CREATE_DATE,DESCRIPTIONS,IP) values (71339,1,'admin','permission => delete_action',to_timestamp('23-NOV-17 11.25.25.000000000 AM','DD-MON-RR HH.MI.SSXFF AM'),'Xoa action <b>thong_tin_thue_bao</b> cua Controller <b>Definerules_Controller</b>','113.190.232.63');
Insert into IDVN_IMPACT_LOGS (LOG_ID,USER_ID,USERNAME,LOCATION,CREATE_DATE,DESCRIPTIONS,IP) values (71340,1,'admin','permission => delete_action',to_timestamp('23-NOV-17 11.25.25.000000000 AM','DD-MON-RR HH.MI.SSXFF AM'),'Xoa action <b>thong_tin_thue_bao</b> cua Controller <b>Definerules_Controller</b>','113.190.232.63');
Insert into IDVN_IMPACT_LOGS (LOG_ID,USER_ID,USERNAME,LOCATION,CREATE_DATE,DESCRIPTIONS,IP) values (71341,1,'admin','permission => delete_action',to_timestamp('23-NOV-17 11.25.26.000000000 AM','DD-MON-RR HH.MI.SSXFF AM'),'Xoa action <b>thong_tin_thue_bao</b> cua Controller <b>Definerules_Controller</b>','113.190.232.63');
Insert into IDVN_IMPACT_LOGS (LOG_ID,USER_ID,USERNAME,LOCATION,CREATE_DATE,DESCRIPTIONS,IP) values (71342,1,'admin','permission => delete_action',to_timestamp('23-NOV-17 11.25.28.000000000 AM','DD-MON-RR HH.MI.SSXFF AM'),'Xoa action <b>thong_tin_thue_bao</b> cua Controller <b>Definerules_Controller</b>','113.190.232.63');
Insert into IDVN_IMPACT_LOGS (LOG_ID,USER_ID,USERNAME,LOCATION,CREATE_DATE,DESCRIPTIONS,IP) values (71343,1,'admin','permission => delete_action',to_timestamp('23-NOV-17 11.25.41.000000000 AM','DD-MON-RR HH.MI.SSXFF AM'),'Xoa action <b>thong_tin_thue_bao</b> cua Controller <b>Definerules_Controller</b>','113.190.232.63');
Insert into IDVN_IMPACT_LOGS (LOG_ID,USER_ID,USERNAME,LOCATION,CREATE_DATE,DESCRIPTIONS,IP) values (71344,1,'admin','permission => delete_action',to_timestamp('23-NOV-17 11.26.08.000000000 AM','DD-MON-RR HH.MI.SSXFF AM'),'Xoa action <b>123</b> cua Controller <b>Errorcode_Controller</b>','113.190.232.63');
--------------------------------------------------------
--  DDL for Index SYS_C0010290
--------------------------------------------------------

  CREATE UNIQUE INDEX "SYS_C0010290" ON "IDVN_CORE_ACTION" ("ACTION_ID") 
  PCTFREE 10 INITRANS 2 MAXTRANS 255 COMPUTE STATISTICS 
  STORAGE(INITIAL 65536 NEXT 1048576 MINEXTENTS 1 MAXEXTENTS 2147483645
  PCTINCREASE 0 FREELISTS 1 FREELIST GROUPS 1
  BUFFER_POOL DEFAULT FLASH_CACHE DEFAULT CELL_FLASH_CACHE DEFAULT)
  TABLESPACE "USERS" ;
--------------------------------------------------------
--  DDL for Index SYS_C0010294
--------------------------------------------------------

  CREATE UNIQUE INDEX "SYS_C0010294" ON "IDVN_CORE_GROUP_PERMISSIONS" ("PID") 
  PCTFREE 10 INITRANS 2 MAXTRANS 255 COMPUTE STATISTICS 
  STORAGE(INITIAL 65536 NEXT 1048576 MINEXTENTS 1 MAXEXTENTS 2147483645
  PCTINCREASE 0 FREELISTS 1 FREELIST GROUPS 1
  BUFFER_POOL DEFAULT FLASH_CACHE DEFAULT CELL_FLASH_CACHE DEFAULT)
  TABLESPACE "USERS" ;
--------------------------------------------------------
--  DDL for Index SYS_C0010295
--------------------------------------------------------

  CREATE UNIQUE INDEX "SYS_C0010295" ON "IDVN_CORE_USER" ("USER_NAME") 
  PCTFREE 10 INITRANS 2 MAXTRANS 255 COMPUTE STATISTICS 
  STORAGE(INITIAL 65536 NEXT 1048576 MINEXTENTS 1 MAXEXTENTS 2147483645
  PCTINCREASE 0 FREELISTS 1 FREELIST GROUPS 1
  BUFFER_POOL DEFAULT FLASH_CACHE DEFAULT CELL_FLASH_CACHE DEFAULT)
  TABLESPACE "USERS" ;
--------------------------------------------------------
--  DDL for Index SYS_C0010303
--------------------------------------------------------

  CREATE UNIQUE INDEX "SYS_C0010303" ON "IDVN_CORE_USER" ("USER_ID") 
  PCTFREE 10 INITRANS 2 MAXTRANS 255 COMPUTE STATISTICS 
  STORAGE(INITIAL 65536 NEXT 1048576 MINEXTENTS 1 MAXEXTENTS 2147483645
  PCTINCREASE 0 FREELISTS 1 FREELIST GROUPS 1
  BUFFER_POOL DEFAULT FLASH_CACHE DEFAULT CELL_FLASH_CACHE DEFAULT)
  TABLESPACE "USERS" ;
--------------------------------------------------------
--  DDL for Index SYS_C0010311
--------------------------------------------------------

  CREATE UNIQUE INDEX "SYS_C0010311" ON "IDVN_CORE_USERGROUPS" ("GROUP_ID") 
  PCTFREE 10 INITRANS 2 MAXTRANS 255 COMPUTE STATISTICS 
  STORAGE(INITIAL 65536 NEXT 1048576 MINEXTENTS 1 MAXEXTENTS 2147483645
  PCTINCREASE 0 FREELISTS 1 FREELIST GROUPS 1
  BUFFER_POOL DEFAULT FLASH_CACHE DEFAULT CELL_FLASH_CACHE DEFAULT)
  TABLESPACE "USERS" ;
--------------------------------------------------------
--  DDL for Index SYS_C0010314
--------------------------------------------------------

  CREATE UNIQUE INDEX "SYS_C0010314" ON "IDVN_IMPACT_LOGS" ("LOG_ID") 
  PCTFREE 10 INITRANS 2 MAXTRANS 255 COMPUTE STATISTICS 
  STORAGE(INITIAL 65536 NEXT 1048576 MINEXTENTS 1 MAXEXTENTS 2147483645
  PCTINCREASE 0 FREELISTS 1 FREELIST GROUPS 1
  BUFFER_POOL DEFAULT FLASH_CACHE DEFAULT CELL_FLASH_CACHE DEFAULT)
  TABLESPACE "USERS" ;
--------------------------------------------------------
--  DDL for Trigger IDVN_CORE_ACTION_SEQ_TR
--------------------------------------------------------

  CREATE OR REPLACE EDITIONABLE TRIGGER "IDVN_CORE_ACTION_SEQ_TR" BEFORE INSERT ON "IDVN_CORE_ACTION" REFERENCING OLD AS "OLD" NEW AS "NEW" FOR EACH ROW  WHEN (NEW.action_id IS NULL) BEGIN
 SELECT idvn_core_action_seq.NEXTVAL INTO :NEW.action_id FROM DUAL;
END;
/
ALTER TRIGGER "IDVN_CORE_ACTION_SEQ_TR" ENABLE;
--------------------------------------------------------
--  DDL for Trigger IDVN_CORE_PERMISSIONS_SEQ_TR
--------------------------------------------------------

  CREATE OR REPLACE EDITIONABLE TRIGGER "IDVN_CORE_PERMISSIONS_SEQ_TR" 
 BEFORE INSERT ON idvn_core_group_permissions FOR EACH ROW
   WHEN (NEW.pid IS NULL) BEGIN
 SELECT idvn_user_permissions_seq.NEXTVAL INTO :NEW.pid FROM DUAL;
END;
/
ALTER TRIGGER "IDVN_CORE_PERMISSIONS_SEQ_TR" ENABLE;
--------------------------------------------------------
--  DDL for Trigger IDVN_CORE_USER_SEQ_TR
--------------------------------------------------------

  CREATE OR REPLACE EDITIONABLE TRIGGER "IDVN_CORE_USER_SEQ_TR" BEFORE INSERT ON "IDVN_CORE_USER" REFERENCING OLD AS "OLD" NEW AS "NEW" FOR EACH ROW  WHEN (NEW.user_id IS NULL) BEGIN
 SELECT idvn_core_user_seq.NEXTVAL INTO :NEW.user_id FROM DUAL;
END;
/
ALTER TRIGGER "IDVN_CORE_USER_SEQ_TR" ENABLE;
--------------------------------------------------------
--  DDL for Trigger IDVN_CORE_USERGROUPS_SEQ_TR
--------------------------------------------------------

  CREATE OR REPLACE EDITIONABLE TRIGGER "IDVN_CORE_USERGROUPS_SEQ_TR" BEFORE INSERT ON "IDVN_CORE_USERGROUPS" REFERENCING OLD AS "OLD" NEW AS "NEW" FOR EACH ROW  WHEN (NEW.group_id IS NULL) BEGIN
 SELECT idvn_core_usergroups_seq.NEXTVAL INTO :NEW.group_id FROM DUAL;
END;
/
ALTER TRIGGER "IDVN_CORE_USERGROUPS_SEQ_TR" ENABLE;
--------------------------------------------------------
--  DDL for Trigger IDVN_IMPACT_LOGS_SEQ_TR
--------------------------------------------------------

  CREATE OR REPLACE EDITIONABLE TRIGGER "IDVN_IMPACT_LOGS_SEQ_TR" BEFORE INSERT ON "IDVN_IMPACT_LOGS" REFERENCING OLD AS "OLD" NEW AS "NEW" FOR EACH ROW  WHEN (NEW.log_id IS NULL) BEGIN
 SELECT idvn_impact_logs_seq.NEXTVAL INTO :NEW.log_id FROM DUAL;
END;
/
ALTER TRIGGER "IDVN_IMPACT_LOGS_SEQ_TR" ENABLE;
--------------------------------------------------------
--  Constraints for Table IDVN_CORE_ACTION
--------------------------------------------------------

  ALTER TABLE "IDVN_CORE_ACTION" ADD PRIMARY KEY ("ACTION_ID")
  USING INDEX PCTFREE 10 INITRANS 2 MAXTRANS 255 COMPUTE STATISTICS 
  STORAGE(INITIAL 65536 NEXT 1048576 MINEXTENTS 1 MAXEXTENTS 2147483645
  PCTINCREASE 0 FREELISTS 1 FREELIST GROUPS 1
  BUFFER_POOL DEFAULT FLASH_CACHE DEFAULT CELL_FLASH_CACHE DEFAULT)
  TABLESPACE "USERS"  ENABLE;
  ALTER TABLE "IDVN_CORE_ACTION" ADD CHECK ("TYPE" IS NOT NULL) ENABLE;
  ALTER TABLE "IDVN_CORE_ACTION" ADD CHECK ("ACTION_ID" IS NOT NULL) ENABLE;
  ALTER TABLE "IDVN_CORE_ACTION" MODIFY ("TYPE" NOT NULL ENABLE);
  ALTER TABLE "IDVN_CORE_ACTION" MODIFY ("ACTION_ID" NOT NULL ENABLE);
--------------------------------------------------------
--  Constraints for Table IDVN_CORE_GROUP_PERMISSIONS
--------------------------------------------------------

  ALTER TABLE "IDVN_CORE_GROUP_PERMISSIONS" ADD PRIMARY KEY ("PID")
  USING INDEX PCTFREE 10 INITRANS 2 MAXTRANS 255 COMPUTE STATISTICS 
  STORAGE(INITIAL 65536 NEXT 1048576 MINEXTENTS 1 MAXEXTENTS 2147483645
  PCTINCREASE 0 FREELISTS 1 FREELIST GROUPS 1
  BUFFER_POOL DEFAULT FLASH_CACHE DEFAULT CELL_FLASH_CACHE DEFAULT)
  TABLESPACE "USERS"  ENABLE;
  ALTER TABLE "IDVN_CORE_GROUP_PERMISSIONS" ADD CHECK ("GROUP_ID" IS NOT NULL) ENABLE;
  ALTER TABLE "IDVN_CORE_GROUP_PERMISSIONS" ADD CHECK ("PERMISSION_NAME" IS NOT NULL) ENABLE;
  ALTER TABLE "IDVN_CORE_GROUP_PERMISSIONS" ADD CHECK ("PID" IS NOT NULL) ENABLE;
  ALTER TABLE "IDVN_CORE_GROUP_PERMISSIONS" MODIFY ("GROUP_ID" NOT NULL ENABLE);
  ALTER TABLE "IDVN_CORE_GROUP_PERMISSIONS" MODIFY ("PERMISSION_NAME" NOT NULL ENABLE);
  ALTER TABLE "IDVN_CORE_GROUP_PERMISSIONS" MODIFY ("PID" NOT NULL ENABLE);
--------------------------------------------------------
--  Constraints for Table IDVN_CORE_USER
--------------------------------------------------------

  ALTER TABLE "IDVN_CORE_USER" ADD PRIMARY KEY ("USER_ID")
  USING INDEX PCTFREE 10 INITRANS 2 MAXTRANS 255 COMPUTE STATISTICS 
  STORAGE(INITIAL 65536 NEXT 1048576 MINEXTENTS 1 MAXEXTENTS 2147483645
  PCTINCREASE 0 FREELISTS 1 FREELIST GROUPS 1
  BUFFER_POOL DEFAULT FLASH_CACHE DEFAULT CELL_FLASH_CACHE DEFAULT)
  TABLESPACE "USERS"  ENABLE;
  ALTER TABLE "IDVN_CORE_USER" ADD CHECK (user_id > 0) ENABLE;
  ALTER TABLE "IDVN_CORE_USER" ADD CHECK ("IS_ACTIVE" IS NOT NULL) ENABLE;
  ALTER TABLE "IDVN_CORE_USER" ADD CHECK ("PASSWORD" IS NOT NULL) ENABLE;
  ALTER TABLE "IDVN_CORE_USER" ADD CHECK ("USER_NAME" IS NOT NULL) ENABLE;
  ALTER TABLE "IDVN_CORE_USER" ADD CHECK ("FULL_NAME" IS NOT NULL) ENABLE;
  ALTER TABLE "IDVN_CORE_USER" ADD CHECK ("GROUP_ID" IS NOT NULL) ENABLE;
  ALTER TABLE "IDVN_CORE_USER" ADD CHECK ("USER_ID" IS NOT NULL) ENABLE;
  ALTER TABLE "IDVN_CORE_USER" ADD UNIQUE ("USER_NAME")
  USING INDEX PCTFREE 10 INITRANS 2 MAXTRANS 255 COMPUTE STATISTICS 
  STORAGE(INITIAL 65536 NEXT 1048576 MINEXTENTS 1 MAXEXTENTS 2147483645
  PCTINCREASE 0 FREELISTS 1 FREELIST GROUPS 1
  BUFFER_POOL DEFAULT FLASH_CACHE DEFAULT CELL_FLASH_CACHE DEFAULT)
  TABLESPACE "USERS"  ENABLE;
  ALTER TABLE "IDVN_CORE_USER" MODIFY ("IS_ACTIVE" NOT NULL ENABLE);
  ALTER TABLE "IDVN_CORE_USER" MODIFY ("PASSWORD" NOT NULL ENABLE);
  ALTER TABLE "IDVN_CORE_USER" MODIFY ("USER_NAME" NOT NULL ENABLE);
  ALTER TABLE "IDVN_CORE_USER" MODIFY ("FULL_NAME" NOT NULL ENABLE);
  ALTER TABLE "IDVN_CORE_USER" MODIFY ("GROUP_ID" NOT NULL ENABLE);
  ALTER TABLE "IDVN_CORE_USER" MODIFY ("USER_ID" NOT NULL ENABLE);
--------------------------------------------------------
--  Constraints for Table IDVN_CORE_USERGROUPS
--------------------------------------------------------

  ALTER TABLE "IDVN_CORE_USERGROUPS" ADD PRIMARY KEY ("GROUP_ID")
  USING INDEX PCTFREE 10 INITRANS 2 MAXTRANS 255 COMPUTE STATISTICS 
  STORAGE(INITIAL 65536 NEXT 1048576 MINEXTENTS 1 MAXEXTENTS 2147483645
  PCTINCREASE 0 FREELISTS 1 FREELIST GROUPS 1
  BUFFER_POOL DEFAULT FLASH_CACHE DEFAULT CELL_FLASH_CACHE DEFAULT)
  TABLESPACE "USERS"  ENABLE;
  ALTER TABLE "IDVN_CORE_USERGROUPS" ADD CHECK ("IS_ACTIVE" IS NOT NULL) ENABLE;
  ALTER TABLE "IDVN_CORE_USERGROUPS" ADD CHECK ("GROUP_NAME" IS NOT NULL) ENABLE;
  ALTER TABLE "IDVN_CORE_USERGROUPS" ADD CHECK ("GROUP_ID" IS NOT NULL) ENABLE;
  ALTER TABLE "IDVN_CORE_USERGROUPS" MODIFY ("IS_ACTIVE" NOT NULL ENABLE);
  ALTER TABLE "IDVN_CORE_USERGROUPS" MODIFY ("GROUP_NAME" NOT NULL ENABLE);
  ALTER TABLE "IDVN_CORE_USERGROUPS" MODIFY ("GROUP_ID" NOT NULL ENABLE);
--------------------------------------------------------
--  Constraints for Table IDVN_IMPACT_LOGS
--------------------------------------------------------

  ALTER TABLE "IDVN_IMPACT_LOGS" ADD PRIMARY KEY ("LOG_ID")
  USING INDEX PCTFREE 10 INITRANS 2 MAXTRANS 255 COMPUTE STATISTICS 
  STORAGE(INITIAL 65536 NEXT 1048576 MINEXTENTS 1 MAXEXTENTS 2147483645
  PCTINCREASE 0 FREELISTS 1 FREELIST GROUPS 1
  BUFFER_POOL DEFAULT FLASH_CACHE DEFAULT CELL_FLASH_CACHE DEFAULT)
  TABLESPACE "USERS"  ENABLE;
  ALTER TABLE "IDVN_IMPACT_LOGS" ADD CHECK (log_id > 0) ENABLE;
  ALTER TABLE "IDVN_IMPACT_LOGS" ADD CHECK ("LOG_ID" IS NOT NULL) ENABLE;
  ALTER TABLE "IDVN_IMPACT_LOGS" MODIFY ("LOG_ID" NOT NULL ENABLE);
